{
  "_fv": 34,
  "_type": "tool",
  "definition": {
    "renderType": 0,
    "texture": "fireingotmaterials_sword",
    "customModelName": "Normal",
    "name": "FireIngotMaterials Sword",
    "specialInfo": [],
    "creativeTab": {
      "value": "COMBAT"
    },
    "toolType": "Sword",
    "harvestLevel": 6,
    "efficiency": 12.0,
    "attackSpeed": 1.0,
    "enchantability": 42,
    "damageVsEntity": 6.0,
    "usageCount": 1164,
    "blocksAffected": [],
    "hasGlow": false,
    "repairItems": [
      {
        "value": "CUSTOM:FireIngotMaterialsIngot"
      }
    ],
    "immuneToFire": false,
    "stayInGridWhenCrafting": false,
    "damageOnCrafting": false
  }
}