{
  "_fv": 34,
  "_type": "armor",
  "definition": {
    "enableHelmet": true,
    "textureHelmet": "skyhelmet",
    "enableBody": true,
    "textureBody": "skynagrudnik",
    "enableLeggings": true,
    "textureLeggings": "skyshtani",
    "enableBoots": true,
    "textureBoots": "skyboti",
    "creativeTab": {
      "value": "COMBAT"
    },
    "armorTextureFile": "ender",
    "helmetName": "Sky Шлем",
    "bodyName": "Sky Кираса",
    "leggingsName": "Sky Поножи",
    "bootsName": "Sky Ботинки",
    "helmetSpecialInfo": [],
    "bodySpecialInfo": [],
    "leggingsSpecialInfo": [],
    "bootsSpecialInfo": [],
    "helmetModelName": "ModelSkyHelmet_Converted",
    "helmetModelPart": "Head",
    "helmetModelTexture": "skyhelmet.png",
    "bodyModelName": "ModelNagrudnik",
    "bodyModelPart": "osnova",
    "armsModelPartL": "right",
    "armsModelPartR": "left",
    "bodyModelTexture": "nagrudnik.png",
    "leggingsModelName": "Default",
    "leggingsModelPartL": "Leggings L",
    "leggingsModelPartR": "Leggings R",
    "leggingsModelTexture": "textureboots.png",
    "bootsModelName": "Modelcustom_model",
    "bootsModelPartL": "LeftLeg",
    "bootsModelPartR": "RightLeg",
    "bootsModelTexture": "textureboots.png",
    "helmetImmuneToFire": true,
    "bodyImmuneToFire": true,
    "leggingsImmuneToFire": true,
    "bootsImmuneToFire": true,
    "maxDamage": 25,
    "damageValueHelmet": 5,
    "damageValueBody": 6,
    "damageValueLeggings": 5,
    "damageValueBoots": 2,
    "enchantability": 9,
    "toughness": 2.0,
    "knockbackResistance": 0.0,
    "equipSound": {
      "value": ""
    },
    "repairItems": []
  }
}