{
	"credit": "Made with Blockbench",
	"ambientocclusion": false,
	"texture_size": [96, 96],
	"textures": {
		"0": "block/texture",
		"particle": "block/texture"
	},
	"elements": [
		{
			"from": [7.35026, -10, 6.85513],
			"to": [9.65026, -6, 9.07513],
			"rotation": {"angle": -45, "axis": "y", "origin": [8.50026, -8, 7.96513]},
			"faces": {
				"north": {"uv": [2.33333, 12, 2.66667, 12.66667], "texture": "#0"},
				"east": {"uv": [2, 12, 2.33333, 12.66667], "texture": "#0"},
				"south": {"uv": [3, 12, 3.33333, 12.66667], "texture": "#0"},
				"west": {"uv": [2.66667, 12, 3, 12.66667], "texture": "#0"},
				"up": {"uv": [2.66667, 12, 2.33333, 11.66667], "texture": "#0"},
				"down": {"uv": [3, 11.66667, 2.66667, 12], "texture": "#0"}
			}
		},
		{
			"from": [7.56733, -15.5, 7.05806],
			"to": [9.44733, -5.5, 8.85806],
			"rotation": {"angle": -45, "axis": "y", "origin": [8.50733, -13, 7.95806]},
			"faces": {
				"north": {"uv": [0.16667, 11.83333, 0.33333, 13.5], "texture": "#0"},
				"east": {"uv": [0, 11.83333, 0.16667, 13.5], "texture": "#0"},
				"south": {"uv": [0.5, 11.83333, 0.66667, 13.5], "texture": "#0"},
				"west": {"uv": [0.33333, 11.83333, 0.5, 13.5], "texture": "#0"},
				"up": {"uv": [0.33333, 11.83333, 0.16667, 11.66667], "texture": "#0"},
				"down": {"uv": [0.5, 11.66667, 0.33333, 11.83333], "texture": "#0"}
			}
		},
		{
			"from": [7.35026, -15, 6.85513],
			"to": [9.65026, -11, 9.07513],
			"rotation": {"angle": -45, "axis": "y", "origin": [8.50026, -13, 7.96513]},
			"faces": {
				"north": {"uv": [2.33333, 12, 2.66667, 12.66667], "texture": "#0"},
				"east": {"uv": [2, 12, 2.33333, 12.66667], "texture": "#0"},
				"south": {"uv": [3, 12, 3.33333, 12.66667], "texture": "#0"},
				"west": {"uv": [2.66667, 12, 3, 12.66667], "texture": "#0"},
				"up": {"uv": [2.66667, 12, 2.33333, 11.66667], "texture": "#0"},
				"down": {"uv": [3, 11.66667, 2.66667, 12], "texture": "#0"}
			}
		},
		{
			"from": [6.9, -6, 4],
			"to": [10.1, -4.2, 12],
			"rotation": {"angle": 0, "axis": "y", "origin": [8.5, 9.5, 8.50135]},
			"faces": {
				"north": {"uv": [1.33333, 11.5, 1.83333, 11.66667], "texture": "#0"},
				"east": {"uv": [0, 11.5, 1.33333, 11.66667], "texture": "#0"},
				"south": {"uv": [3.16667, 11.5, 3.66667, 11.66667], "texture": "#0"},
				"west": {"uv": [1.83333, 11.5, 3.16667, 11.66667], "texture": "#0"},
				"up": {"uv": [1.83333, 11.5, 1.33333, 10.16667], "texture": "#0"},
				"down": {"uv": [2.33333, 10.16667, 1.83333, 11.5], "texture": "#0"}
			}
		},
		{
			"from": [7.5, -5, 4.96037],
			"to": [9.5, -3.6, 10.96037],
			"rotation": {"angle": 0, "axis": "y", "origin": [8.5, 9.5, 8.50135]},
			"faces": {
				"north": {"uv": [4.66667, 11.16667, 5, 11.33333], "texture": "#0"},
				"east": {"uv": [3.66667, 11.16667, 4.66667, 11.33333], "texture": "#0"},
				"south": {"uv": [6, 11.16667, 6.33333, 11.33333], "texture": "#0"},
				"west": {"uv": [5, 11.16667, 6, 11.33333], "texture": "#0"},
				"up": {"uv": [5, 11.16667, 4.66667, 10.16667], "texture": "#0"},
				"down": {"uv": [5.33333, 10.16667, 5, 11.16667], "texture": "#0"}
			}
		},
		{
			"from": [8, -4, 5.5],
			"to": [9, 22, 10.5],
			"rotation": {"angle": 0, "axis": "y", "origin": [8.5, 9.5, 8.50135]},
			"faces": {
				"north": {"uv": [0.83333, 0.83333, 1, 5.16667], "texture": "#0"},
				"east": {"uv": [0, 0.83333, 0.83333, 5.16667], "texture": "#0"},
				"south": {"uv": [1.83333, 0.83333, 2, 5.16667], "texture": "#0"},
				"west": {"uv": [1, 0.83333, 1.83333, 5.16667], "texture": "#0"},
				"up": {"uv": [1, 0.83333, 0.83333, 0], "texture": "#0"},
				"down": {"uv": [1.16667, 0, 1, 0.83333], "texture": "#0"}
			}
		},
		{
			"from": [8, 25, 6.96037],
			"to": [9, 30, 8.96037],
			"rotation": {"angle": 0, "axis": "y", "origin": [8.5, 9.5, 8.50135]},
			"faces": {
				"north": {"uv": [3.66667, 12, 3.83333, 12.83333], "texture": "#0"},
				"east": {"uv": [3.33333, 12, 3.66667, 12.83333], "texture": "#0"},
				"south": {"uv": [4.16667, 12, 4.33333, 12.83333], "texture": "#0"},
				"west": {"uv": [3.83333, 12, 4.16667, 12.83333], "texture": "#0"},
				"up": {"uv": [3.83333, 12, 3.66667, 11.66667], "texture": "#0"},
				"down": {"uv": [4, 11.66667, 3.83333, 12], "texture": "#0"}
			}
		},
		{
			"from": [8.5, 30, 7.5],
			"to": [8.5, 32, 8.5],
			"rotation": {"angle": 0, "axis": "y", "origin": [0, -5, 1.5]},
			"faces": {
				"north": {"uv": [2.16667, 13.66667, 2.16667, 14], "texture": "#0"},
				"east": {"uv": [2, 13.66667, 2.16667, 14], "texture": "#0"},
				"south": {"uv": [2.33333, 13.66667, 2.33333, 14], "texture": "#0"},
				"west": {"uv": [2.16667, 13.66667, 2.33333, 14], "texture": "#0"},
				"up": {"uv": [2.16667, 13.66667, 2.16667, 13.5], "texture": "#0"},
				"down": {"uv": [2.16667, 13.5, 2.16667, 13.66667], "texture": "#0"}
			}
		},
		{
			"from": [8.5, 22, 5.5],
			"to": [8.5, 25.5, 6.5],
			"rotation": {"angle": 0, "axis": "y", "origin": [0, -5, 1.5]},
			"faces": {
				"north": {"uv": [1.83333, 13.66667, 1.83333, 14.16667], "texture": "#0"},
				"east": {"uv": [1.66667, 13.66667, 1.83333, 14.16667], "texture": "#0"},
				"south": {"uv": [2, 13.66667, 2, 14.16667], "texture": "#0"},
				"west": {"uv": [1.83333, 13.66667, 2, 14.16667], "texture": "#0"},
				"up": {"uv": [1.83333, 13.66667, 1.83333, 13.5], "texture": "#0"},
				"down": {"uv": [1.83333, 13.5, 1.83333, 13.66667], "texture": "#0"}
			}
		},
		{
			"from": [8.5, 22, 9.5],
			"to": [8.5, 25.5, 10.5],
			"rotation": {"angle": 0, "axis": "y", "origin": [0, -5, 1.5]},
			"faces": {
				"north": {"uv": [1.5, 13.66667, 1.5, 14.16667], "texture": "#0"},
				"east": {"uv": [1.33333, 13.66667, 1.5, 14.16667], "texture": "#0"},
				"south": {"uv": [1.66667, 13.66667, 1.66667, 14.16667], "texture": "#0"},
				"west": {"uv": [1.5, 13.66667, 1.66667, 14.16667], "texture": "#0"},
				"up": {"uv": [1.5, 13.66667, 1.5, 13.5], "texture": "#0"},
				"down": {"uv": [1.5, 13.5, 1.5, 13.66667], "texture": "#0"}
			}
		},
		{
			"from": [8.5, 25, 6.5],
			"to": [8.5, 30.5, 7.5],
			"rotation": {"angle": 0, "axis": "y", "origin": [0, -5, 1.5]},
			"faces": {
				"north": {"uv": [1.16667, 13.66667, 1.16667, 14.5], "texture": "#0"},
				"east": {"uv": [1, 13.66667, 1.16667, 14.5], "texture": "#0"},
				"south": {"uv": [1.33333, 13.66667, 1.33333, 14.5], "texture": "#0"},
				"west": {"uv": [1.16667, 13.66667, 1.33333, 14.5], "texture": "#0"},
				"up": {"uv": [1.16667, 13.66667, 1.16667, 13.5], "texture": "#0"},
				"down": {"uv": [1.16667, 13.5, 1.16667, 13.66667], "texture": "#0"}
			}
		},
		{
			"from": [8.5, 25, 8.5],
			"to": [8.5, 30.5, 9.5],
			"rotation": {"angle": 0, "axis": "y", "origin": [0, -5, 1.5]},
			"faces": {
				"north": {"uv": [0.83333, 13.66667, 0.83333, 14.5], "texture": "#0"},
				"east": {"uv": [0.66667, 13.66667, 0.83333, 14.5], "texture": "#0"},
				"south": {"uv": [1, 13.66667, 1, 14.5], "texture": "#0"},
				"west": {"uv": [0.83333, 13.66667, 1, 14.5], "texture": "#0"},
				"up": {"uv": [0.83333, 13.66667, 0.83333, 13.5], "texture": "#0"},
				"down": {"uv": [0.83333, 13.5, 0.83333, 13.66667], "texture": "#0"}
			}
		},
		{
			"from": [8.5, -6, 4.5],
			"to": [8.5, 22.5, 5.5],
			"rotation": {"angle": 0, "axis": "y", "origin": [0, -5, 1.5]},
			"faces": {
				"north": {"uv": [0.5, 5.5, 0.5, 10.16667], "texture": "#0"},
				"east": {"uv": [0.33333, 5.5, 0.5, 10.16667], "texture": "#0"},
				"south": {"uv": [0.66667, 5.5, 0.66667, 10.16667], "texture": "#0"},
				"west": {"uv": [0.5, 5.5, 0.66667, 10.16667], "texture": "#0"},
				"up": {"uv": [0.5, 5.5, 0.5, 5.33333], "texture": "#0"},
				"down": {"uv": [0.5, 5.33333, 0.5, 5.5], "texture": "#0"}
			}
		},
		{
			"from": [8.5, -6, 10.5],
			"to": [8.5, 22.5, 11.5],
			"rotation": {"angle": 0, "axis": "y", "origin": [0, -5, 1.5]},
			"faces": {
				"north": {"uv": [0.16667, 5.5, 0.16667, 10.16667], "texture": "#0"},
				"east": {"uv": [0, 5.5, 0.16667, 10.16667], "texture": "#0"},
				"south": {"uv": [0.33333, 5.5, 0.33333, 10.16667], "texture": "#0"},
				"west": {"uv": [0.16667, 5.5, 0.33333, 10.16667], "texture": "#0"},
				"up": {"uv": [0.16667, 5.5, 0.16667, 5.33333], "texture": "#0"},
				"down": {"uv": [0.16667, 5.33333, 0.16667, 5.5], "texture": "#0"}
			}
		},
		{
			"from": [7.75, 24, 7.5],
			"to": [9.25, 29, 8.5],
			"rotation": {"angle": 0, "axis": "y", "origin": [8.5, 9.5, 8.50135]},
			"faces": {
				"north": {"uv": [0.16667, 13.66667, 0.33333, 14.5], "texture": "#0"},
				"east": {"uv": [0, 13.66667, 0.16667, 14.5], "texture": "#0"},
				"south": {"uv": [0.5, 13.66667, 0.66667, 14.5], "texture": "#0"},
				"west": {"uv": [0.33333, 13.66667, 0.5, 14.5], "texture": "#0"},
				"up": {"uv": [0.33333, 13.66667, 0.16667, 13.5], "texture": "#0"},
				"down": {"uv": [0.5, 13.5, 0.33333, 13.66667], "texture": "#0"}
			}
		},
		{
			"from": [8, 22, 5.96037],
			"to": [9, 25, 9.96037],
			"rotation": {"angle": 0, "axis": "y", "origin": [8.5, 9.5, 8.50135]},
			"faces": {
				"north": {"uv": [7, 10.83333, 7.16667, 11.33333], "texture": "#0"},
				"east": {"uv": [6.33333, 10.83333, 7, 11.33333], "texture": "#0"},
				"south": {"uv": [7.83333, 10.83333, 8, 11.33333], "texture": "#0"},
				"west": {"uv": [7.16667, 10.83333, 7.83333, 11.33333], "texture": "#0"},
				"up": {"uv": [7.16667, 10.83333, 7, 10.16667], "texture": "#0"},
				"down": {"uv": [7.33333, 10.16667, 7.16667, 10.83333], "texture": "#0"}
			}
		},
		{
			"from": [7.75, -5, 6.5],
			"to": [9.25, 24, 9.5],
			"rotation": {"angle": 0, "axis": "y", "origin": [8.5, 9.5, 8.50135]},
			"faces": {
				"north": {"uv": [2.5, 0.5, 2.66667, 5.33333], "texture": "#0"},
				"east": {"uv": [2, 0.5, 2.5, 5.33333], "texture": "#0"},
				"south": {"uv": [3.16667, 0.5, 3.33333, 5.33333], "texture": "#0"},
				"west": {"uv": [2.66667, 0.5, 3.16667, 5.33333], "texture": "#0"},
				"up": {"uv": [2.66667, 0.5, 2.5, 0], "texture": "#0"},
				"down": {"uv": [2.83333, 0, 2.66667, 0.5], "texture": "#0"}
			}
		}
	],
	"display": {
		"thirdperson_righthand": {
			"rotation": [2.68, 8.47, 0.7],
			"translation": [-0.5, 17, 2.75]
		},
		"thirdperson_lefthand": {
			"translation": [0.5, 17.25, 2]
		},
		"firstperson_righthand": {
			"rotation": [-37, -3, -9],
			"translation": [6.75, 9, -8.5],
			"scale": [0.78, 1, 0.81]
		},
		"firstperson_lefthand": {
			"rotation": [-37, 6, -8],
			"translation": [8.75, 8.5, -9.75]
		},
		"ground": {
			"rotation": [91, 0, 0],
			"translation": [0, 0.25, 0]
		},
		"gui": {
			"rotation": [-85.81, -44.67, -87.04],
			"scale": [1, 0.5, 0.5]
		},
		"head": {
			"rotation": [180, -47.25, 0],
			"translation": [6.75, -23.75, -7.25]
		},
		"fixed": {
			"rotation": [-90, 44.5, 90],
			"translation": [0, 0, 1.25],
			"scale": [0.7, 0.57, 0.57]
		}
	},
	"groups": [
		{
			"name": "Рукоятка",
			"origin": [8, 8, 8],
			"color": 0,
			"children": [0, 1, 2]
		},
		{
			"name": "Гарда",
			"origin": [8, 8, 8],
			"color": 0,
			"children": [3, 4]
		},
		{
			"name": "Лезвие",
			"origin": [8, 8, 8],
			"color": 0,
			"children": [5, 6, 7, 8, 9, 10, 11, 12, 13, 14, 15, 16]
		}
	]
}